Date,Campaign Name,Impressions,Link Clicks,Amount Spent,Purchases,Purchase Value
01/01/2024,Prospecting_Broad,27607,441,417.15,7,442.11
01/01/2024,Lookalike_Purchasers,17225,405,317.2,9,481.52
01/01/2024,Retargeting_IG,12391,540,129.51,24,1641.53
01/01/2024,UGC_Creative_Test,8772,256,134.02,6,382.84
01/02/2024,Prospecting_Broad,24390,411,,7,398.76
01/02/2024,Lookalike_Purchasers,20784,519,424.21,13,649.94
01/02/2024,Retargeting_IG,12125,464,136.67,22,1453.34
01/02/2024,UGC_Creative_Test,8600,205,139.4,5,398.83
01/03/2024,Prospecting_Broad,27203,586,382.23,8,616.01
01/03/2024,Lookalike_Purchasers,21646,504,393.99,11,589.82
01/03/2024,Retargeting_IG,13047,543,160.34,25,2034.05
01/03/2024,UGC_Creative_Test,10179,299,180.86,6,366.72
01/04/2024,Prospecting_Broad,30190,618,404.1,12,746.75
01/04/2024,Lookalike_Purchasers,16964,391,302.62,10,591.83
01/04/2024,Retargeting_IG,12354,391,147.88,19,1064.61
01/04/2024,UGC_Creative_Test,10178,272,161.96,5,309.85
01/05/2024,Prospecting_Broad,28108,392,426.66,7,426.2
01/05/2024,Lookalike_Purchasers,19713,494,347.9,14,898.5
01/05/2024,Retargeting_IG,9783,418,102.4,19,966.37
01/05/2024,UGC_Creative_Test,7702,232,131.97,5,455.34
01/06/2024,Prospecting_Broad,29761,579,407.65,9,523.27
01/06/2024,Lookalike_Purchasers,17389,394,297.98,9,604.68
01/06/2024,Retargeting_IG,12157,468,123.82,20,1587.09
01/06/2024,UGC_Creative_Test,9244,310,159.68,6,462.88
01/07/2024,Prospecting_Broad,27840,301,356.41,5,324.76
01/07/2024,Lookalike_Purchasers,16559,321,319.53,7,534.86
01/07/2024,Retargeting_IG,12788,479,149.62,18,1155.54
01/07/2024,UGC_Creative_Test,10079,281,155.43,5,367.03
01/08/2024,Prospecting_Broad,29598,615,378.88,8,522.08
01/08/2024,Lookalike_Purchasers,15132,267,270.38,5,386.19
01/08/2024,Retargeting_IG,11045,365,114.61,14,972.77
01/08/2024,UGC_Creative_Test,10292,259,189.95,4,285.51
01/09/2024,Prospecting_Broad,28447,495,399.44,11,962.39
01/09/2024,Lookalike_Purchasers,13461,285,246.93,7,347.36
01/09/2024,Retargeting_IG,10390,411,118.51,17,1372.35
01/09/2024,UGC_Creative_Test,8904,246,143.5,4,265.52
01/10/2024,Prospecting_Broad,31884,388,434.46,5,317.59
01/10/2024,Lookalike_Purchasers,19852,387,354.61,10,721.63
01/10/2024,Retargeting_IG,10936,413,123.57,16,1166.89
01/10/2024,UGC_Creative_Test,7775,243,139.08,3,194.8
01/11/2024,Prospecting_Broad,27059,355,422.59,5,316.09
01/11/2024,Lookalike_Purchasers,17290,551,323.15,11,801.09
01/11/2024,Retargeting_IG,11733,475,122.75,22,1688.51
01/11/2024,UGC_Creative_Test,10991,268,174.3,6,383.15
01/12/2024,Prospecting_Broad,27391,412,413.93,7,485.24
01/12/2024,Lookalike_Purchasers,23532,583,475.54,14,940.53
01/12/2024,Retargeting_IG,9252,284,110.59,14,1049.31
01/12/2024,UGC_Creative_Test,8074,200,131.51,5,341.15
01/13/2024,Prospecting_Broad,33926,720,458.15,15,1084.09
01/13/2024,Lookalike_Purchasers,15272,385,261.17,10,590.2
01/13/2024,Retargeting_IG,12537,485,140.64,19,973.4
01/13/2024,UGC_Creative_Test,8598,263,156.4,6,429.32
01/14/2024,Prospecting_Broad,25866,551,334.76,12,649.3
01/14/2024,Lookalike_Purchasers,18858,412,383.93,10,683.37
01/14/2024,Retargeting_IG,12780,508,144.44,20,1338.85
01/14/2024,UGC_Creative_Test,8639,264,143.57,4,304.47
01/15/2024,Prospecting_Broad,29439,410,378.32,7,568.57
01/15/2024,Lookalike_Purchasers,21249,593,,19,1368.57
01/15/2024,Retargeting_IG,13658,556,165.74,23,1236.92
01/15/2024,UGC_Creative_Test,8738,268,135.78,4,262.32
01/16/2024,Prospecting_Broad,24439,464,381.37,8,555.35
01/16/2024,Lookalike_Purchasers,19412,436,376.63,12,814.53
01/16/2024,Retargeting_IG,9761,399,114.58,19,1099.9
01/16/2024,UGC_Creative_Test,7614,225,128.24,3,163.1
01/17/2024,Prospecting_Broad,24726,514,370.55,9,540.16
01/17/2024,Lookalike_Purchasers,19145,518,355.9,13,870.85
01/17/2024,Retargeting_IG,11904,440,121.95,20,1424.25
01/17/2024,UGC_Creative_Test,10101,254,154.36,5,324.48
01/18/2024,Prospecting_Broad,26653,428,397.68,8,499.68
01/18/2024,Lookalike_Purchasers,14241,381,282.51,11,713.6
01/18/2024,Retargeting_IG,11682,487,125.64,21,1416.07
01/18/2024,UGC_Creative_Test,6349,194,107.64,3,210.79
01/19/2024,Prospecting_Broad,22659,530,294.15,8,593.89
01/19/2024,Lookalike_Purchasers,19067,611,355.59,15,849.92
01/19/2024,Retargeting_IG,15372,568,185.52,23,1514.26
01/19/2024,UGC_Creative_Test,7741,213,120.29,3,177.98
01/20/2024,Prospecting_Broad,27478,392,391.01,6,331.27
01/20/2024,Lookalike_Purchasers,15896,356,266.5,12,742.69
01/20/2024,Retargeting_IG,11058,408,134.63,16,934.2
01/20/2024,UGC_Creative_Test,9568,286,159.08,4,257.93
01/21/2024,Prospecting_Broad,28270,442,369.19,9,578.58
01/21/2024,Lookalike_Purchasers,17042,526,340.8,12,671.49
01/21/2024,Retargeting_IG,14061,506,164.63,21,1015.61
01/21/2024,UGC_Creative_Test,8664,256,132.34,6,398.53
01/22/2024,Prospecting_Broad,31461,487,423.23,8,509.15
01/22/2024,Lookalike_Purchasers,16985,398,330.73,7,462.08
01/22/2024,Retargeting_IG,10699,426,115.11,18,1038.38
01/22/2024,UGC_Creative_Test,9949,209,,4,227.16
01/23/2024,Prospecting_Broad,29751,597,400.81,10,475.91
01/23/2024,Lookalike_Purchasers,18317,405,373.66,12,702.78
01/23/2024,Retargeting_IG,9826,373,112.86,17,1160.47
01/23/2024,UGC_Creative_Test,6729,162,121.89,3,218.31
01/24/2024,Prospecting_Broad,28671,498,378.99,8,525.84
01/24/2024,Lookalike_Purchasers,15322,407,282.12,8,485.02
01/24/2024,Retargeting_IG,13790,535,170.13,24,1372.25
01/24/2024,UGC_Creative_Test,6547,215,99.41,5,331.31
01/25/2024,Prospecting_Broad,26054,624,371.83,12,697.81
01/25/2024,Lookalike_Purchasers,16741,423,334.92,9,550.99
01/25/2024,Retargeting_IG,10402,333,107.42,17,1330.2
01/25/2024,UGC_Creative_Test,7693,224,134.44,4,328.46
01/26/2024,Prospecting_Broad,25870,452,352.0,9,703.81
01/26/2024,Lookalike_Purchasers,19378,434,357.78,12,777.56
01/26/2024,Retargeting_IG,13562,526,151.92,20,1269.18
01/26/2024,UGC_Creative_Test,8499,243,141.88,5,321.36
01/27/2024,Prospecting_Broad,27233,568,396.85,8,641.96
01/27/2024,Lookalike_Purchasers,18936,453,317.33,10,632.77
01/27/2024,Retargeting_IG,11102,422,123.12,18,925.99
01/27/2024,UGC_Creative_Test,9795,313,149.47,5,312.84
01/28/2024,Prospecting_Broad,25888,548,350.62,10,644.95
01/28/2024,Lookalike_Purchasers,20550,541,346.42,14,798.41
01/28/2024,Retargeting_IG,12502,505,130.93,22,1204.6
01/28/2024,UGC_Creative_Test,11419,368,185.76,8,480.57
01/29/2024,Prospecting_Broad,28439,385,441.65,7,373.88
01/29/2024,Lookalike_Purchasers,18762,444,333.17,11,710.28
01/29/2024,Retargeting_IG,12465,594,134.03,26,1560.31
01/29/2024,UGC_Creative_Test,9759,279,177.17,7,491.23
01/30/2024,Prospecting_Broad,26374,503,394.4,7,388.01
01/30/2024,Lookalike_Purchasers,18302,511,364.92,14,744.99
01/30/2024,Retargeting_IG,12464,448,148.24,16,1122.18
01/30/2024,UGC_Creative_Test,10232,302,161.81,7,480.31
01/31/2024,Prospecting_Broad,32117,602,484.79,8,445.09
01/31/2024,Lookalike_Purchasers,18229,447,310.52,9,575.08
01/31/2024,Retargeting_IG,12061,453,148.85,20,1406.82
01/31/2024,UGC_Creative_Test,8452,232,136.88,5,352.8
02/01/2024,Prospecting_Broad,25384,317,340.72,5,244.76
02/01/2024,Lookalike_Purchasers,17753,372,367.67,8,530.7
02/01/2024,Retargeting_IG,11771,398,134.5,18,816.3
02/01/2024,UGC_Creative_Test,11672,351,197.45,6,448.06
02/02/2024,Prospecting_Broad,28160,451,423.18,8,538.32
02/02/2024,Lookalike_Purchasers,19269,600,377.02,16,995.27
02/02/2024,Retargeting_IG,11598,397,128.41,18,1229.8
02/02/2024,UGC_Creative_Test,8074,228,135.38,3,227.54
02/03/2024,Prospecting_Broad,26333,427,388.69,9,510.13
02/03/2024,Lookalike_Purchasers,18448,410,338.13,7,449.19
02/03/2024,Retargeting_IG,12230,466,155.72,18,1555.4
02/03/2024,UGC_Creative_Test,10108,322,165.43,6,458.29
02/04/2024,Prospecting_Broad,26796,413,377.32,4,264.12
02/04/2024,Lookalike_Purchasers,21146,542,394.45,14,1018.94
02/04/2024,Retargeting_IG,10916,413,134.15,15,993.15
02/04/2024,UGC_Creative_Test,8480,223,158.15,5,370.49
02/05/2024,Prospecting_Broad,26848,510,403.48,6,422.34
02/05/2024,Lookalike_Purchasers,17599,435,327.74,13,998.91
02/05/2024,Retargeting_IG,10685,416,134.35,14,1206.49
02/05/2024,UGC_Creative_Test,9642,265,154.83,5,308.24
02/06/2024,Prospecting_Broad,26054,509,402.06,13,852.03
02/06/2024,Lookalike_Purchasers,19299,417,410.32,10,838.98
02/06/2024,Retargeting_IG,13097,510,140.42,19,1194.17
02/06/2024,UGC_Creative_Test,12862,406,215.85,6,372.74
02/07/2024,Prospecting_Broad,25901,434,412.0,4,288.28
02/07/2024,Lookalike_Purchasers,18124,532,350.53,13,741.78
02/07/2024,Retargeting_IG,10568,393,118.16,17,1253.66
02/07/2024,UGC_Creative_Test,10732,286,203.51,4,253.68
02/08/2024,Prospecting_Broad,29315,619,466.58,8,577.61
02/08/2024,Lookalike_Purchasers,18303,343,358.71,7,345.72
02/08/2024,Retargeting_IG,11069,460,118.3,19,1133.68
02/08/2024,UGC_Creative_Test,1582,54,24.9,0,0.0
02/09/2024,Prospecting_Broad,25973,324,375.18,4,283.43
02/09/2024,Lookalike_Purchasers,19449,415,376.24,8,497.91
02/09/2024,Retargeting_IG,12241,433,155.13,17,920.42
02/09/2024,UGC_Creative_Test,8474,222,134.35,5,351.4
02/10/2024,Prospecting_Broad,31875,319,441.6,6,385.35
02/10/2024,Lookalike_Purchasers,19443,449,409.27,13,990.63
02/10/2024,Retargeting_IG,14470,542,185.75,25,1918.17
02/10/2024,UGC_Creative_Test,11142,334,196.28,7,543.84
02/11/2024,Prospecting_Broad,27676,447,404.18,6,393.94
02/11/2024,Lookalike_Purchasers,20123,431,425.42,9,668.91
02/11/2024,Retargeting_IG,14423,592,165.15,26,1649.37
02/11/2024,UGC_Creative_Test,9470,240,165.59,6,407.02
02/12/2024,Prospecting_Broad,27916,586,,7,373.63
02/12/2024,Lookalike_Purchasers,18546,370,345.45,9,539.52
02/12/2024,Retargeting_IG,10141,427,109.09,16,746.37
02/12/2024,UGC_Creative_Test,6541,211,118.46,4,278.08
02/13/2024,Prospecting_Broad,27884,522,392.62,7,444.54
02/13/2024,Lookalike_Purchasers,17541,368,357.12,9,641.86
02/13/2024,Retargeting_IG,12617,452,152.29,20,1383.03
02/13/2024,UGC_Creative_Test,8519,273,154.73,6,361.45
02/14/2024,Prospecting_Broad,24127,292,388.73,4,278.92
02/14/2024,Lookalike_Purchasers,18954,432,396.42,14,998.0
02/14/2024,Retargeting_IG,13576,489,163.76,20,1301.03
02/14/2024,UGC_Creative_Test,9410,293,154.31,8,589.55
02/15/2024,Prospecting_Broad,31603,589,474.32,13,1004.4
02/15/2024,Lookalike_Purchasers,18619,476,360.77,11,834.57
02/15/2024,Retargeting_IG,14614,592,176.34,25,1374.58
02/15/2024,UGC_Creative_Test,11311,334,195.4,7,506.02
02/16/2024,Prospecting_Broad,30818,576,462.68,10,677.21
02/16/2024,Lookalike_Purchasers,17131,412,325.66,12,688.96
02/16/2024,Retargeting_IG,10770,389,118.71,16,932.2
02/16/2024,UGC_Creative_Test,9538,287,174.49,5,362.92
02/17/2024,Prospecting_Broad,29866,379,406.03,5,391.07
02/17/2024,Lookalike_Purchasers,17924,510,324.59,11,799.11
02/17/2024,Retargeting_IG,10382,393,124.89,15,1180.49
02/17/2024,UGC_Creative_Test,11061,354,183.69,6,420.91
02/18/2024,Prospecting_Broad,25786,615,364.67,9,595.21
02/18/2024,Lookalike_Purchasers,23064,552,407.11,12,862.24
02/18/2024,Retargeting_IG,13409,523,171.71,26,1660.95
02/18/2024,UGC_Creative_Test,8209,261,136.58,5,258.59
02/19/2024,Prospecting_Broad,28448,632,432.72,13,1004.81
02/19/2024,Lookalike_Purchasers,21261,526,429.99,10,769.95
02/19/2024,Retargeting_IG,12796,483,138.72,21,1033.59
02/19/2024,UGC_Creative_Test,8372,250,139.75,5,308.82
02/20/2024,Prospecting_Broad,26824,371,391.68,6,439.41
02/20/2024,Lookalike_Purchasers,18159,372,383.79,9,588.45
02/20/2024,Retargeting_IG,9446,385,112.33,15,798.8
02/20/2024,UGC_Creative_Test,11696,364,192.48,10,673.81
02/21/2024,Prospecting_Broad,26993,669,435.29,13,876.93
02/21/2024,Lookalike_Purchasers,19852,530,351.76,15,924.59
02/21/2024,Retargeting_IG,11160,414,,18,1349.41
02/21/2024,UGC_Creative_Test,9270,261,165.96,5,345.54
02/22/2024,Prospecting_Broad,28486,333,461.0,7,531.42
02/22/2024,Lookalike_Purchasers,19597,420,398.06,10,470.46
02/22/2024,Retargeting_IG,9942,351,105.76,16,787.94
02/22/2024,UGC_Creative_Test,9468,301,168.99,8,454.01
02/23/2024,Prospecting_Broad,28981,480,,6,458.07
02/23/2024,Lookalike_Purchasers,18651,538,357.35,14,775.29
02/23/2024,Retargeting_IG,11675,423,148.88,22,1437.89
02/23/2024,UGC_Creative_Test,3231,94,54.64,1,74.06
02/24/2024,Prospecting_Broad,26521,375,366.38,8,629.9
02/24/2024,Lookalike_Purchasers,13151,300,275.21,7,512.17
02/24/2024,Retargeting_IG,13325,509,147.58,17,1420.52
02/24/2024,UGC_Creative_Test,10506,286,198.23,5,351.37
02/25/2024,Prospecting_Broad,28394,445,382.18,8,665.12
02/25/2024,Lookalike_Purchasers,19926,582,379.49,13,730.96
02/25/2024,Retargeting_IG,16287,635,202.1,27,1710.45
02/25/2024,UGC_Creative_Test,11507,306,198.56,6,460.9
02/26/2024,Prospecting_Broad,27847,438,420.27,6,308.67
02/26/2024,Lookalike_Purchasers,15806,413,311.99,9,606.7
02/26/2024,Retargeting_IG,8543,324,104.9,12,746.69
02/26/2024,UGC_Creative_Test,4932,122,84.95,2,176.04
02/27/2024,Prospecting_Broad,28870,664,414.33,10,759.84
02/27/2024,Lookalike_Purchasers,16710,450,295.62,11,780.48
02/27/2024,Retargeting_IG,10658,433,128.92,19,1444.0
02/27/2024,UGC_Creative_Test,10036,363,188.48,8,557.71
02/28/2024,Prospecting_Broad,28026,472,416.34,5,289.71
02/28/2024,Lookalike_Purchasers,15923,412,326.43,10,767.97
02/28/2024,Retargeting_IG,10018,350,117.31,14,1080.91
02/28/2024,UGC_Creative_Test,5891,196,98.9,3,157.11
02/29/2024,Prospecting_Broad,28738,554,404.64,8,466.86
02/29/2024,Lookalike_Purchasers,17952,316,343.0,7,434.33
02/29/2024,Retargeting_IG,9976,403,116.5,19,1272.63
02/29/2024,UGC_Creative_Test,9617,292,152.41,8,546.4
03/01/2024,Prospecting_Broad,28070,476,461.28,8,519.38
03/01/2024,Lookalike_Purchasers,17940,421,335.51,13,960.09
03/01/2024,Retargeting_IG,9754,365,125.33,16,1212.4
03/01/2024,UGC_Creative_Test,9893,306,193.22,8,489.63
03/02/2024,Prospecting_Broad,28096,420,438.41,6,367.14
03/02/2024,Lookalike_Purchasers,17857,474,327.37,15,1185.59
03/02/2024,Retargeting_IG,16448,705,201.54,26,1850.73
03/02/2024,UGC_Creative_Test,9196,215,177.09,4,240.23
03/03/2024,Prospecting_Broad,27141,519,375.86,11,546.76
03/03/2024,Lookalike_Purchasers,17559,364,356.42,7,497.56
03/03/2024,Retargeting_IG,14727,537,195.59,24,1795.96
03/03/2024,UGC_Creative_Test,5529,144,92.79,3,177.01
03/04/2024,Prospecting_Broad,26247,404,442.63,6,372.29
03/04/2024,Lookalike_Purchasers,18349,392,378.02,11,498.54
03/04/2024,Retargeting_IG,13156,520,175.26,23,1756.03
03/04/2024,UGC_Creative_Test,9313,258,179.37,4,260.48
03/05/2024,Prospecting_Broad,29460,535,460.62,10,699.75
03/05/2024,Lookalike_Purchasers,16346,430,299.46,9,589.05
03/05/2024,Retargeting_IG,11335,466,133.44,20,1404.09
03/05/2024,UGC_Creative_Test,7271,205,136.42,5,251.06
03/06/2024,Prospecting_Broad,31185,623,501.71,6,399.57
03/06/2024,Lookalike_Purchasers,17007,453,342.15,13,810.37
03/06/2024,Retargeting_IG,8045,277,101.91,11,737.82
03/06/2024,UGC_Creative_Test,12467,363,248.46,5,388.66
03/07/2024,Prospecting_Broad,28898,491,471.06,7,415.58
03/07/2024,Lookalike_Purchasers,16036,439,309.66,10,587.92
03/07/2024,Retargeting_IG,15236,555,179.85,21,1182.87
03/07/2024,UGC_Creative_Test,6334,181,114.59,4,264.2
03/08/2024,Prospecting_Broad,32242,558,495.52,12,770.68
03/08/2024,Lookalike_Purchasers,17788,513,329.57,13,817.17
03/08/2024,Retargeting_IG,8531,395,107.87,17,1254.94
03/08/2024,UGC_Creative_Test,10535,329,185.65,8,473.97
03/09/2024,Prospecting_Broad,29580,511,414.6,6,472.25
03/09/2024,Lookalike_Purchasers,19559,537,395.35,13,868.0
03/09/2024,Retargeting_IG,16028,639,191.0,30,1689.4
03/09/2024,UGC_Creative_Test,9767,309,177.62,6,385.98
03/10/2024,Prospecting_Broad,24073,517,388.17,10,501.02
03/10/2024,Lookalike_Purchasers,17676,424,324.71,12,741.54
03/10/2024,Retargeting_IG,12907,461,172.43,19,1364.03
03/10/2024,UGC_Creative_Test,10998,316,205.19,4,235.21
03/11/2024,Prospecting_Broad,28336,310,418.83,5,371.39
03/11/2024,Lookalike_Purchasers,19222,478,413.19,10,631.34
03/11/2024,Retargeting_IG,12274,438,154.06,18,1296.61
03/11/2024,UGC_Creative_Test,8195,210,144.34,4,230.23
03/12/2024,Prospecting_Broad,31608,575,470.46,9,421.67
03/12/2024,Lookalike_Purchasers,16988,467,365.46,11,825.83
03/12/2024,Retargeting_IG,10282,405,135.43,16,714.02
03/12/2024,UGC_Creative_Test,10754,330,184.83,5,397.74
03/13/2024,Prospecting_Broad,30892,463,463.07,10,608.76
03/13/2024,Lookalike_Purchasers,18598,408,354.82,13,937.44
03/13/2024,Retargeting_IG,11527,449,147.43,21,1284.22
03/13/2024,UGC_Creative_Test,7419,251,123.2,6,467.95
03/14/2024,Prospecting_Broad,26783,544,421.93,12,764.94
03/14/2024,Lookalike_Purchasers,19201,371,386.16,9,543.28
03/14/2024,Retargeting_IG,13279,529,150.24,25,1580.0
03/14/2024,UGC_Creative_Test,8382,195,145.17,5,320.79
03/15/2024,Prospecting_Broad,32347,412,486.55,6,388.53
03/15/2024,Lookalike_Purchasers,16995,320,350.53,5,297.46
03/15/2024,Retargeting_IG,9214,333,121.99,14,911.82
03/15/2024,UGC_Creative_Test,10288,280,170.17,5,326.14
03/16/2024,Prospecting_Broad,26836,361,408.27,7,612.69
03/16/2024,Lookalike_Purchasers,17985,442,379.78,10,644.56
03/16/2024,Retargeting_IG,9791,337,127.58,13,948.23
03/16/2024,UGC_Creative_Test,7816,203,141.42,4,334.43
03/17/2024,Prospecting_Broad,27512,480,437.82,9,543.34
03/17/2024,Lookalike_Purchasers,15791,321,286.17,7,476.53
03/17/2024,Retargeting_IG,11907,508,153.57,20,1328.41
03/17/2024,UGC_Creative_Test,6411,184,122.19,4,290.79
03/18/2024,Prospecting_Broad,31167,576,430.66,11,831.7
03/18/2024,Lookalike_Purchasers,23086,484,421.68,15,1167.98
03/18/2024,Retargeting_IG,12028,492,134.38,23,1225.13
03/18/2024,UGC_Creative_Test,7405,193,142.97,4,355.44
03/19/2024,Prospecting_Broad,30293,463,444.85,7,463.23
03/19/2024,Lookalike_Purchasers,17997,492,357.08,15,1163.66
03/19/2024,Retargeting_IG,12754,463,148.67,22,1321.78
03/19/2024,UGC_Creative_Test,7472,210,148.1,4,334.11
03/20/2024,Prospecting_Broad,24718,373,415.58,6,346.96
03/20/2024,Lookalike_Purchasers,12270,224,245.07,5,313.0
03/20/2024,Retargeting_IG,12665,473,142.6,22,1587.63
03/20/2024,UGC_Creative_Test,9299,273,160.72,5,256.5
03/21/2024,Prospecting_Broad,29808,455,469.56,7,485.98
03/21/2024,Lookalike_Purchasers,12288,278,259.69,7,447.82
03/21/2024,Retargeting_IG,11457,441,128.84,20,1308.18
03/21/2024,UGC_Creative_Test,12064,266,239.38,6,367.1
03/22/2024,Prospecting_Broad,32449,728,482.03,10,659.88
03/22/2024,Lookalike_Purchasers,16439,441,355.83,9,555.67
03/22/2024,Retargeting_IG,10264,405,131.62,17,1058.09
03/22/2024,UGC_Creative_Test,10799,330,178.54,10,510.17
03/23/2024,Prospecting_Broad,26987,409,408.92,5,398.16
03/23/2024,Lookalike_Purchasers,16680,454,356.31,8,455.04
03/23/2024,Retargeting_IG,11427,439,126.86,15,718.05
03/23/2024,UGC_Creative_Test,7382,255,141.0,5,371.57
03/24/2024,Prospecting_Broad,28560,535,475.46,9,635.44
03/24/2024,Lookalike_Purchasers,18577,440,376.71,11,659.64
03/24/2024,Retargeting_IG,13788,532,173.42,23,1476.92
03/24/2024,UGC_Creative_Test,10028,326,174.41,9,495.39
03/25/2024,Prospecting_Broad,27754,481,443.84,3,181.24
03/25/2024,Lookalike_Purchasers,17612,361,372.94,8,538.94
03/25/2024,Retargeting_IG,13611,501,157.22,19,1517.18
03/25/2024,UGC_Creative_Test,10149,278,193.09,4,286.08
03/26/2024,Prospecting_Broad,28333,435,439.18,7,382.03
03/26/2024,Lookalike_Purchasers,17058,462,337.51,14,1041.27
03/26/2024,Retargeting_IG,12604,534,158.3,21,1465.24
03/26/2024,UGC_Creative_Test,10976,352,188.56,8,428.29
03/27/2024,Prospecting_Broad,25526,425,409.61,7,447.21
03/27/2024,Lookalike_Purchasers,16054,387,335.01,7,466.31
03/27/2024,Retargeting_IG,8579,309,99.74,13,722.56
03/27/2024,UGC_Creative_Test,10644,273,200.23,7,455.64
03/28/2024,Prospecting_Broad,28542,613,448.13,12,746.44
03/28/2024,Lookalike_Purchasers,17954,427,376.66,13,1085.75
03/28/2024,Retargeting_IG,13555,539,153.14,25,1295.0
03/28/2024,UGC_Creative_Test,8789,223,159.61,5,442.97
03/29/2024,Prospecting_Broad,23816,424,333.92,7,401.58
03/29/2024,Lookalike_Purchasers,18494,321,357.01,9,618.19
03/29/2024,Retargeting_IG,10139,366,114.24,14,1174.05
03/29/2024,UGC_Creative_Test,10062,259,169.73,7,618.65
03/30/2024,Prospecting_Broad,28676,571,414.81,9,480.65
03/30/2024,Lookalike_Purchasers,18762,470,378.43,11,863.54
03/30/2024,Retargeting_IG,13146,517,168.8,23,1422.98
03/30/2024,UGC_Creative_Test,9241,265,166.28,5,416.7
03/31/2024,Prospecting_Broad,27448,450,461.67,7,467.4
03/31/2024,Lookalike_Purchasers,17085,415,,12,798.01
03/31/2024,Retargeting_IG,12678,494,160.85,19,1020.85
03/31/2024,UGC_Creative_Test,12390,385,240.71,8,438.96
04/01/2024,Prospecting_Broad,28053,500,408.77,7,507.93
04/01/2024,Lookalike_Purchasers,18350,452,417.27,12,865.97
04/01/2024,Retargeting_IG,10930,390,130.38,17,1488.62
04/01/2024,UGC_Creative_Test,9342,198,192.36,5,294.74
04/02/2024,Prospecting_Broad,29424,434,444.9,8,591.38
04/02/2024,Lookalike_Purchasers,16882,372,351.25,6,381.78
04/02/2024,Retargeting_IG,15236,593,203.78,28,1583.2
04/02/2024,UGC_Creative_Test,9649,283,197.21,7,510.81
04/03/2024,Prospecting_Broad,29462,488,461.77,7,362.98
04/03/2024,Lookalike_Purchasers,17514,432,361.65,10,649.18
04/03/2024,Retargeting_IG,12985,475,175.21,22,1354.66
04/03/2024,UGC_Creative_Test,8129,270,160.55,5,349.8
04/04/2024,Prospecting_Broad,26256,490,,11,715.19
04/04/2024,Lookalike_Purchasers,14663,361,316.19,7,470.56
04/04/2024,Retargeting_IG,14514,564,166.37,21,1602.9
04/04/2024,UGC_Creative_Test,7394,180,134.73,3,215.95
04/05/2024,Prospecting_Broad,27109,508,470.06,12,874.18
04/05/2024,Lookalike_Purchasers,16554,314,325.8,8,574.73
04/05/2024,Retargeting_IG,14758,594,181.96,28,2118.06
04/05/2024,UGC_Creative_Test,8802,304,161.74,7,422.53
04/06/2024,Prospecting_Broad,25828,628,447.24,10,755.62
04/06/2024,Lookalike_Purchasers,19528,417,390.91,11,658.51
04/06/2024,Retargeting_IG,13121,488,177.37,22,1540.44
04/06/2024,UGC_Creative_Test,9383,278,180.17,6,371.81
04/07/2024,Prospecting_Broad,27804,603,401.43,9,596.82
04/07/2024,Lookalike_Purchasers,19146,401,366.32,9,689.07
04/07/2024,Retargeting_IG,9924,421,116.69,16,1007.69
04/07/2024,UGC_Creative_Test,7944,232,150.29,5,331.15
04/08/2024,Prospecting_Broad,25622,415,428.35,6,407.14
04/08/2024,Lookalike_Purchasers,21960,515,483.0,16,1081.79
04/08/2024,Retargeting_IG,10958,433,127.87,17,1179.42
04/08/2024,UGC_Creative_Test,9927,309,199.56,5,273.14
04/09/2024,Prospecting_Broad,27820,503,462.49,8,604.6
04/09/2024,Lookalike_Purchasers,16700,427,335.53,12,782.35
04/09/2024,Retargeting_IG,8292,320,100.05,15,1258.55
04/09/2024,UGC_Creative_Test,8989,306,161.43,7,384.89
04/10/2024,Prospecting_Broad,29067,669,484.32,9,603.11
04/10/2024,Lookalike_Purchasers,20404,481,458.85,14,783.09
04/10/2024,Retargeting_IG,15617,619,209.34,26,1686.5
04/10/2024,UGC_Creative_Test,8457,229,157.13,5,251.73
04/11/2024,Prospecting_Broad,26413,509,431.82,8,476.63
04/11/2024,Lookalike_Purchasers,19492,474,369.9,15,888.95
04/11/2024,Retargeting_IG,14756,553,174.79,24,1657.38
04/11/2024,UGC_Creative_Test,10673,298,203.39,8,529.23
04/12/2024,Prospecting_Broad,25645,483,422.07,9,558.24
04/12/2024,Lookalike_Purchasers,16808,399,316.09,12,755.55
04/12/2024,Retargeting_IG,12099,495,155.12,22,1447.8
04/12/2024,UGC_Creative_Test,11404,401,193.74,9,521.28
04/13/2024,Prospecting_Broad,28042,535,471.66,10,740.09
04/13/2024,Lookalike_Purchasers,17227,306,384.56,8,504.41
04/13/2024,Retargeting_IG,13503,480,175.36,20,1584.57
04/13/2024,UGC_Creative_Test,9370,288,168.84,4,292.26
04/14/2024,Prospecting_Broad,26455,350,450.4,9,585.27
04/14/2024,Lookalike_Purchasers,15057,330,342.19,9,597.7
04/14/2024,Retargeting_IG,11128,410,150.86,16,1121.86
04/14/2024,UGC_Creative_Test,10671,288,198.93,4,301.13
04/15/2024,Prospecting_Broad,28084,366,477.41,5,258.66
04/15/2024,Lookalike_Purchasers,17221,536,355.84,16,781.7
04/15/2024,Retargeting_IG,14994,624,173.46,28,1853.73
04/15/2024,UGC_Creative_Test,12568,377,239.16,7,373.05
04/16/2024,Prospecting_Broad,25045,324,368.48,8,546.09
04/16/2024,Lookalike_Purchasers,17788,493,363.97,14,796.49
04/16/2024,Retargeting_IG,12783,455,172.86,20,1235.0
04/16/2024,UGC_Creative_Test,9641,255,172.34,5,381.54
04/17/2024,Prospecting_Broad,28416,420,443.6,8,544.26
04/17/2024,Lookalike_Purchasers,14752,323,277.47,5,389.79
04/17/2024,Retargeting_IG,9698,355,121.02,17,1180.66
04/17/2024,UGC_Creative_Test,7393,240,142.19,3,185.76
04/18/2024,Prospecting_Broad,25278,318,421.85,5,284.04
04/18/2024,Lookalike_Purchasers,17481,569,381.05,16,1018.96
04/18/2024,Retargeting_IG,17366,624,234.09,26,1646.45
04/18/2024,UGC_Creative_Test,8695,300,176.58,6,402.45
04/19/2024,Prospecting_Broad,24531,324,376.45,6,431.12
04/19/2024,Lookalike_Purchasers,16784,401,336.33,11,655.77
04/19/2024,Retargeting_IG,14405,585,179.84,27,2141.79
04/19/2024,UGC_Creative_Test,8398,281,157.16,5,338.16
04/20/2024,Prospecting_Broad,28874,514,416.74,6,328.84
04/20/2024,Lookalike_Purchasers,16377,406,349.94,9,680.27
04/20/2024,Retargeting_IG,10033,377,123.2,16,953.52
04/20/2024,UGC_Creative_Test,6667,205,116.54,3,230.12
04/21/2024,Prospecting_Broad,30022,602,508.64,11,859.51
04/21/2024,Lookalike_Purchasers,19288,471,380.43,11,680.67
04/21/2024,Retargeting_IG,11521,460,143.21,21,1596.27
04/21/2024,UGC_Creative_Test,8339,281,150.94,3,189.69
04/22/2024,Prospecting_Broad,27003,553,443.18,10,577.96
04/22/2024,Lookalike_Purchasers,18402,483,387.94,12,823.76
04/22/2024,Retargeting_IG,10239,357,134.91,14,1045.27
04/22/2024,UGC_Creative_Test,8583,226,147.36,4,265.78
04/23/2024,Prospecting_Broad,29834,578,464.88,4,279.97
04/23/2024,Lookalike_Purchasers,19890,440,395.45,9,639.02
04/23/2024,Retargeting_IG,10429,358,134.34,18,1120.6
04/23/2024,UGC_Creative_Test,10229,312,175.51,4,311.08
04/24/2024,Prospecting_Broad,28698,540,488.45,8,583.2
04/24/2024,Lookalike_Purchasers,18291,513,346.95,14,901.6
04/24/2024,Retargeting_IG,13547,539,163.61,27,1695.11
04/24/2024,UGC_Creative_Test,7050,201,138.11,4,284.36
04/25/2024,Prospecting_Broad,26721,580,398.04,7,527.11
04/25/2024,Lookalike_Purchasers,14016,282,317.56,8,480.33
04/25/2024,Retargeting_IG,10669,381,125.03,16,1064.88
04/25/2024,UGC_Creative_Test,6558,171,124.76,3,241.75
04/26/2024,Prospecting_Broad,30472,492,507.77,8,588.79
04/26/2024,Lookalike_Purchasers,13067,348,291.29,8,464.43
04/26/2024,Retargeting_IG,9400,339,120.42,14,807.63
04/26/2024,UGC_Creative_Test,8649,271,170.82,5,303.72
04/27/2024,Prospecting_Broad,29197,586,453.78,10,695.82
04/27/2024,Lookalike_Purchasers,19003,387,410.5,10,615.4
04/27/2024,Retargeting_IG,11972,441,146.4,17,1274.91
04/27/2024,UGC_Creative_Test,9692,315,193.08,5,311.08
04/28/2024,Prospecting_Broad,29423,485,424.17,13,939.44
04/28/2024,Lookalike_Purchasers,15867,506,349.75,12,695.85
04/28/2024,Retargeting_IG,15071,614,187.08,26,1923.69
04/28/2024,UGC_Creative_Test,8093,232,153.84,4,272.43
04/29/2024,Prospecting_Broad,30027,477,464.74,10,546.62
04/29/2024,Lookalike_Purchasers,18174,432,348.74,11,901.17
04/29/2024,Retargeting_IG,13469,585,169.78,29,1866.81
04/29/2024,UGC_Creative_Test,12066,393,213.36,9,487.82
04/30/2024,Prospecting_Broad,27292,467,395.54,7,500.44
04/30/2024,Lookalike_Purchasers,15115,367,304.47,10,580.94
04/30/2024,Retargeting_IG,11381,417,139.74,19,1490.26
04/30/2024,UGC_Creative_Test,10277,353,200.47,7,397.21
05/01/2024,Prospecting_Broad,27289,612,489.68,13,834.26
05/01/2024,Lookalike_Purchasers,16422,461,326.41,12,797.66
05/01/2024,Retargeting_IG,11077,434,137.91,17,1031.94
05/01/2024,UGC_Creative_Test,9746,284,199.86,6,284.45
05/02/2024,Prospecting_Broad,26550,451,432.33,8,504.18
05/02/2024,Lookalike_Purchasers,20494,545,438.05,11,853.33
05/02/2024,Retargeting_IG,11441,438,146.69,20,1404.09
05/02/2024,UGC_Creative_Test,7198,222,133.18,4,252.9
05/03/2024,Prospecting_Broad,25842,415,425.47,9,580.49
05/03/2024,Lookalike_Purchasers,17932,425,394.38,10,869.81
05/03/2024,Retargeting_IG,11954,502,145.22,22,1590.9
05/03/2024,UGC_Creative_Test,9622,249,175.49,6,422.67
05/04/2024,Prospecting_Broad,27310,514,486.14,10,677.09
05/04/2024,Lookalike_Purchasers,13881,261,316.54,6,341.14
05/04/2024,Retargeting_IG,12680,495,181.37,19,1348.23
05/04/2024,UGC_Creative_Test,8965,249,175.19,4,247.63
05/05/2024,Prospecting_Broad,30913,600,559.42,12,850.72
05/05/2024,Lookalike_Purchasers,18097,434,401.39,10,708.71
05/05/2024,Retargeting_IG,10938,381,144.62,15,1067.09
05/05/2024,UGC_Creative_Test,11417,366,225.1,7,375.88
05/06/2024,Prospecting_Broad,28367,422,457.77,6,361.2
05/06/2024,Lookalike_Purchasers,20117,385,440.62,10,684.58
05/06/2024,Retargeting_IG,11715,413,167.76,18,1375.48
05/06/2024,UGC_Creative_Test,10272,313,194.1,6,442.77
05/07/2024,Prospecting_Broad,27180,572,403.86,13,950.55
05/07/2024,Lookalike_Purchasers,18496,448,428.04,10,642.53
05/07/2024,Retargeting_IG,15895,592,212.84,21,1810.49
05/07/2024,UGC_Creative_Test,6926,180,134.98,3,168.77
05/08/2024,Prospecting_Broad,29715,380,447.05,7,533.2
05/08/2024,Lookalike_Purchasers,20436,553,,15,969.77
05/08/2024,Retargeting_IG,10557,418,126.33,15,1112.39
05/08/2024,UGC_Creative_Test,10687,290,202.73,7,426.65
05/09/2024,Prospecting_Broad,27177,570,477.43,9,676.15
05/09/2024,Lookalike_Purchasers,13749,343,326.14,9,646.99
05/09/2024,Retargeting_IG,10162,370,139.75,15,664.23
05/09/2024,UGC_Creative_Test,10499,312,201.29,5,363.92
05/10/2024,Prospecting_Broad,27958,356,453.15,5,277.71
05/10/2024,Lookalike_Purchasers,19796,546,390.54,10,676.87
05/10/2024,Retargeting_IG,8912,353,128.15,14,810.3
05/10/2024,UGC_Creative_Test,10082,283,,6,401.21
05/11/2024,Prospecting_Broad,28443,544,440.2,8,554.07
05/11/2024,Lookalike_Purchasers,19703,538,447.12,18,1253.24
05/11/2024,Retargeting_IG,13818,460,197.94,20,1386.53
05/11/2024,UGC_Creative_Test,9513,333,195.84,6,331.17
05/12/2024,Prospecting_Broad,26003,466,421.43,8,518.1
05/12/2024,Lookalike_Purchasers,18770,420,365.94,11,721.65
05/12/2024,Retargeting_IG,10061,345,129.94,15,1119.56
05/12/2024,UGC_Creative_Test,10378,306,208.93,7,497.56
05/13/2024,Prospecting_Broad,27383,423,493.29,9,572.68
05/13/2024,Lookalike_Purchasers,16999,275,349.42,6,366.43
05/13/2024,Retargeting_IG,14912,564,201.77,24,1347.45
05/13/2024,UGC_Creative_Test,9572,331,182.5,7,460.68
05/14/2024,Prospecting_Broad,27561,429,445.5,5,336.32
05/14/2024,Lookalike_Purchasers,16886,362,397.55,10,761.21
05/14/2024,Retargeting_IG,11546,445,162.22,16,1181.37
05/14/2024,UGC_Creative_Test,10012,306,208.6,6,410.18
05/15/2024,Prospecting_Broad,28040,518,448.63,7,400.15
05/15/2024,Lookalike_Purchasers,16231,477,382.8,14,991.75
05/15/2024,Retargeting_IG,11093,414,145.05,16,949.44
05/15/2024,UGC_Creative_Test,8851,272,161.27,5,285.55
05/16/2024,Prospecting_Broad,30375,430,479.72,6,366.23
05/16/2024,Lookalike_Purchasers,16666,384,324.97,9,609.47
05/16/2024,Retargeting_IG,13339,531,176.17,21,1281.94
05/16/2024,UGC_Creative_Test,10282,344,206.61,7,417.45
05/17/2024,Prospecting_Broad,31302,561,548.94,10,744.43
05/17/2024,Lookalike_Purchasers,16637,409,358.1,9,501.46
05/17/2024,Retargeting_IG,10378,338,137.98,14,1014.23
05/17/2024,UGC_Creative_Test,13442,396,241.12,9,677.5
05/18/2024,Prospecting_Broad,28877,562,460.96,9,455.52
05/18/2024,Lookalike_Purchasers,14809,346,344.74,9,587.87
05/18/2024,Retargeting_IG,12480,524,178.21,25,1627.87
05/18/2024,UGC_Creative_Test,6419,157,123.05,4,326.11
05/19/2024,Prospecting_Broad,24108,431,431.04,4,318.23
05/19/2024,Lookalike_Purchasers,20427,532,481.34,11,714.88
05/19/2024,Retargeting_IG,10072,300,142.51,13,830.83
05/19/2024,UGC_Creative_Test,9923,287,174.36,6,334.54
05/20/2024,Prospecting_Broad,28136,377,467.71,10,649.27
05/20/2024,Lookalike_Purchasers,17381,361,405.34,9,660.43
05/20/2024,Retargeting_IG,10455,451,141.12,21,1064.3
05/20/2024,UGC_Creative_Test,8116,235,167.36,4,175.98
05/21/2024,Prospecting_Broad,30498,414,530.94,9,646.46
05/21/2024,Lookalike_Purchasers,15832,411,351.0,13,850.98
05/21/2024,Retargeting_IG,13036,523,,23,1439.88
05/21/2024,UGC_Creative_Test,10070,320,204.12,7,459.25
05/22/2024,Prospecting_Broad,28817,613,490.41,12,656.48
05/22/2024,Lookalike_Purchasers,15713,365,359.8,10,650.83
05/22/2024,Retargeting_IG,11679,380,151.5,16,896.45
05/22/2024,UGC_Creative_Test,7403,203,137.98,5,285.39
05/23/2024,Prospecting_Broad,28176,477,488.31,10,646.93
05/23/2024,Lookalike_Purchasers,20022,531,405.81,15,1040.83
05/23/2024,Retargeting_IG,9581,347,122.7,14,1106.49
05/23/2024,UGC_Creative_Test,7929,237,163.98,4,230.11
05/24/2024,Prospecting_Broad,26591,490,396.51,9,448.71
05/24/2024,Lookalike_Purchasers,16891,404,367.01,8,611.47
05/24/2024,Retargeting_IG,11341,411,156.73,19,1145.56
05/24/2024,UGC_Creative_Test,7169,197,137.92,4,258.82
05/25/2024,Prospecting_Broad,27769,488,422.06,9,577.91
05/25/2024,Lookalike_Purchasers,22658,555,474.83,6,394.06
05/25/2024,Retargeting_IG,12932,468,169.26,18,1102.33
05/25/2024,UGC_Creative_Test,12185,365,227.11,8,411.38
05/26/2024,Prospecting_Broad,28899,439,486.05,5,364.11
05/26/2024,Lookalike_Purchasers,18328,425,380.74,8,502.66
05/26/2024,Retargeting_IG,9081,370,130.18,15,1031.43
05/26/2024,UGC_Creative_Test,5366,134,105.29,3,226.08
05/27/2024,Prospecting_Broad,28359,467,421.19,9,676.11
05/27/2024,Lookalike_Purchasers,15775,330,360.67,7,529.77
05/27/2024,Retargeting_IG,13063,426,154.39,18,949.79
05/27/2024,UGC_Creative_Test,9083,243,176.89,5,324.34
05/28/2024,Prospecting_Broad,31685,440,480.66,5,312.63
05/28/2024,Lookalike_Purchasers,18927,485,434.85,14,976.09
05/28/2024,Retargeting_IG,11551,390,157.22,19,1384.88
05/28/2024,UGC_Creative_Test,8467,240,178.76,4,267.32
05/29/2024,Prospecting_Broad,28818,481,515.82,4,284.2
05/29/2024,Lookalike_Purchasers,14135,281,285.75,5,308.02
05/29/2024,Retargeting_IG,11069,447,147.95,18,1170.68
05/29/2024,UGC_Creative_Test,9085,282,170.85,5,281.98
05/30/2024,Prospecting_Broad,27940,494,463.13,9,646.88
05/30/2024,Lookalike_Purchasers,15332,353,299.57,8,536.63
05/30/2024,Retargeting_IG,12144,473,166.66,21,1552.29
05/30/2024,UGC_Creative_Test,12609,366,221.44,9,608.93
05/31/2024,Prospecting_Broad,26399,452,427.96,7,474.68
05/31/2024,Lookalike_Purchasers,17100,391,390.86,10,612.71
05/31/2024,Retargeting_IG,14629,525,209.57,22,1289.12
05/31/2024,UGC_Creative_Test,7789,244,143.14,3,206.84
06/01/2024,Prospecting_Broad,25672,434,460.36,8,543.11
06/01/2024,Lookalike_Purchasers,18111,411,381.14,12,711.22
06/01/2024,Retargeting_IG,13027,450,182.11,20,1551.51
06/01/2024,UGC_Creative_Test,8386,210,170.74,5,397.08
06/02/2024,Prospecting_Broad,25030,400,398.21,8,618.04
06/02/2024,Lookalike_Purchasers,15998,454,340.11,13,930.49
06/02/2024,Retargeting_IG,16436,581,217.23,27,1878.72
06/02/2024,UGC_Creative_Test,9263,323,185.2,8,598.9
06/03/2024,Prospecting_Broad,32106,670,502.95,14,656.12
06/03/2024,Lookalike_Purchasers,19657,407,469.64,12,1048.78
06/03/2024,Retargeting_IG,9725,359,121.81,18,1083.61
06/03/2024,UGC_Creative_Test,10153,335,208.72,8,437.24
06/04/2024,Prospecting_Broad,27475,511,471.31,12,783.73
06/04/2024,Lookalike_Purchasers,16192,373,328.26,8,461.12
06/04/2024,Retargeting_IG,11241,428,153.06,21,1010.65
06/04/2024,UGC_Creative_Test,10877,361,240.53,7,386.67
06/05/2024,Prospecting_Broad,24373,318,428.92,9,438.73
06/05/2024,Lookalike_Purchasers,18340,438,444.35,10,619.81
06/05/2024,Retargeting_IG,10124,343,149.41,13,967.59
06/05/2024,UGC_Creative_Test,10256,300,219.66,7,511.18
06/06/2024,Prospecting_Broad,28848,482,469.56,8,564.04
06/06/2024,Lookalike_Purchasers,17132,445,383.5,12,699.05
06/06/2024,Retargeting_IG,13024,525,177.43,25,1817.5
06/06/2024,UGC_Creative_Test,10316,323,205.52,8,621.17
06/07/2024,Prospecting_Broad,28693,551,444.08,9,576.92
06/07/2024,Lookalike_Purchasers,18438,394,442.3,10,557.96
06/07/2024,Retargeting_IG,15110,579,205.82,24,1323.03
06/07/2024,UGC_Creative_Test,8420,173,161.79,4,282.57
06/08/2024,Prospecting_Broad,30040,722,,15,1252.52
06/08/2024,Lookalike_Purchasers,16807,330,369.74,8,560.83
06/08/2024,Retargeting_IG,15422,621,227.49,27,1357.15
06/08/2024,UGC_Creative_Test,11216,364,214.91,9,616.68
06/09/2024,Prospecting_Broad,30901,544,511.8,9,642.71
06/09/2024,Lookalike_Purchasers,17175,416,358.07,8,653.39
06/09/2024,Retargeting_IG,10533,400,152.37,16,1118.32
06/09/2024,UGC_Creative_Test,11240,341,232.98,8,426.27
06/10/2024,Prospecting_Broad,26688,396,431.12,5,331.25
06/10/2024,Lookalike_Purchasers,17608,449,370.92,8,518.0
06/10/2024,Retargeting_IG,7787,307,97.82,12,602.08
06/10/2024,UGC_Creative_Test,11742,398,238.9,9,596.37
06/11/2024,Prospecting_Broad,27085,453,432.1,7,580.1
06/11/2024,Lookalike_Purchasers,17768,494,,12,912.04
06/11/2024,Retargeting_IG,13058,477,178.4,21,1136.57
06/11/2024,UGC_Creative_Test,10975,310,204.71,6,447.79
06/12/2024,Prospecting_Broad,25713,437,455.75,7,496.44
06/12/2024,Lookalike_Purchasers,18663,360,441.23,6,437.69
06/12/2024,Retargeting_IG,8801,326,126.26,15,1272.29
06/12/2024,UGC_Creative_Test,5907,157,126.77,3,112.6
06/13/2024,Prospecting_Broad,22504,479,364.76,7,500.46
06/13/2024,Lookalike_Purchasers,18753,391,405.06,9,503.54
06/13/2024,Retargeting_IG,9719,370,124.86,14,881.79
06/13/2024,UGC_Creative_Test,9512,226,204.52,6,351.66
06/14/2024,Prospecting_Broad,27417,525,495.89,7,535.13
06/14/2024,Lookalike_Purchasers,19657,427,433.01,9,542.32
06/14/2024,Retargeting_IG,13459,538,184.93,23,1543.43
06/14/2024,UGC_Creative_Test,10369,267,219.84,4,291.3
06/15/2024,Prospecting_Broad,30617,556,554.67,12,953.51
06/15/2024,Lookalike_Purchasers,22487,500,531.54,12,833.44
06/15/2024,Retargeting_IG,8879,392,124.46,17,1107.84
06/15/2024,UGC_Creative_Test,7266,212,132.61,4,289.29
06/16/2024,Prospecting_Broad,26974,470,430.17,8,634.47
06/16/2024,Lookalike_Purchasers,17491,469,372.34,14,791.94
06/16/2024,Retargeting_IG,13788,528,190.79,26,1681.45
06/16/2024,UGC_Creative_Test,8695,264,166.52,5,433.71
06/17/2024,Prospecting_Broad,27957,526,435.83,7,359.81
06/17/2024,Lookalike_Purchasers,18133,484,375.41,15,863.4
06/17/2024,Retargeting_IG,12667,435,178.47,21,1167.0
06/17/2024,UGC_Creative_Test,8852,283,174.28,6,311.75
06/18/2024,Prospecting_Broad,27292,554,455.4,12,558.23
06/18/2024,Lookalike_Purchasers,19264,431,412.4,11,901.17
06/18/2024,Retargeting_IG,9525,371,135.23,16,1024.53
06/18/2024,UGC_Creative_Test,12592,380,231.01,7,500.81
06/19/2024,Prospecting_Broad,25937,629,453.7,11,866.62
06/19/2024,Lookalike_Purchasers,21869,577,529.37,16,1255.44
06/19/2024,Retargeting_IG,13097,538,171.88,23,1345.5
06/19/2024,UGC_Creative_Test,8003,238,165.66,6,347.8
06/20/2024,Prospecting_Broad,25847,474,442.77,6,368.9
06/20/2024,Lookalike_Purchasers,17430,388,354.36,8,533.29
06/20/2024,Retargeting_IG,11501,440,142.21,20,1244.18
06/20/2024,UGC_Creative_Test,11492,355,215.07,8,427.56
06/21/2024,Prospecting_Broad,29953,723,465.43,14,886.88
06/21/2024,Lookalike_Purchasers,20709,421,508.4,11,557.52
06/21/2024,Retargeting_IG,10267,405,129.44,14,803.12
06/21/2024,UGC_Creative_Test,8292,244,182.95,5,317.28
06/22/2024,Prospecting_Broad,25842,479,409.6,9,601.65
06/22/2024,Lookalike_Purchasers,17019,320,368.85,8,482.07
06/22/2024,Retargeting_IG,10917,444,162.55,19,1135.68
06/22/2024,UGC_Creative_Test,5035,116,100.65,2,112.29
06/23/2024,Prospecting_Broad,26065,546,473.93,12,679.44
06/23/2024,Lookalike_Purchasers,19706,373,452.64,8,507.16
06/23/2024,Retargeting_IG,14952,523,209.68,22,1485.14
06/23/2024,UGC_Creative_Test,9273,190,192.09,4,223.37
06/24/2024,Prospecting_Broad,28722,486,496.46,6,411.29
06/24/2024,Lookalike_Purchasers,17869,386,408.06,10,683.77
06/24/2024,Retargeting_IG,10687,410,158.21,17,983.75
06/24/2024,UGC_Creative_Test,7962,245,152.26,4,290.74
06/25/2024,Prospecting_Broad,26588,413,452.21,5,262.65
06/25/2024,Lookalike_Purchasers,18800,449,392.12,14,805.65
06/25/2024,Retargeting_IG,10562,378,129.5,19,1405.49
06/25/2024,UGC_Creative_Test,7618,224,140.35,4,226.23
06/26/2024,Prospecting_Broad,26956,520,417.45,6,292.97
06/26/2024,Lookalike_Purchasers,20544,481,421.68,10,763.8
06/26/2024,Retargeting_IG,12871,481,165.75,18,1307.7
06/26/2024,UGC_Creative_Test,11985,348,260.06,8,604.07
06/27/2024,Prospecting_Broad,29551,424,524.69,7,440.23
06/27/2024,Lookalike_Purchasers,17925,496,384.99,14,782.25
06/27/2024,Retargeting_IG,14665,516,185.24,21,1274.8
06/27/2024,UGC_Creative_Test,8772,268,171.09,5,319.15
06/28/2024,Prospecting_Broad,21997,443,394.86,6,496.64
06/28/2024,Lookalike_Purchasers,19477,415,452.8,13,857.02
06/28/2024,Retargeting_IG,11888,396,156.63,16,974.47
06/28/2024,UGC_Creative_Test,8794,285,173.89,6,387.38
06/29/2024,Prospecting_Broad,28923,588,472.2,6,359.11
06/29/2024,Lookalike_Purchasers,19679,468,429.31,14,945.35
06/29/2024,Retargeting_IG,9028,332,134.53,13,966.07
06/29/2024,UGC_Creative_Test,8528,258,182.27,5,358.74
06/30/2024,Prospecting_Broad,29153,577,,8,539.68
06/30/2024,Lookalike_Purchasers,15496,373,340.08,10,473.14
06/30/2024,Retargeting_IG,13234,503,178.68,23,1541.6
06/30/2024,UGC_Creative_Test,10575,298,,6,404.84
